{
    "gridSize": 700,
    "initialSpeed": 5.999180793762207,
    "initialDirection": 0.0,
    "initialDirectionVariation": 0.20808319747447968,
    "lineSpawnChance": 0.5876705050468445,
    "lineAcceleration": 0.9966492652893066,
    "lineSpawnAcceleration": 0.8350525498390198,
    "lineVariation": 0.010290006175637246,
    "lineSpawnVariation": 0.0006692698807455599,
    "lineAngularAcceleration": 0.717125654220581,
    "lineSpawnAngularAcceleration": 1.0363837480545045,
    "lineAngularVariation": 0.006833836901932955,
    "lineSpawnAngularVariation": 0.5483351945877075,
    "spawnAngle": 0.03390660881996155,
    "spawnAngleVariation": 0.3100128769874573,
    "boolArray": 0
}